ID,Name,District,Address,Contact,Homepage,Upvote,Main Entrance Access Road,Handicap Parking,Main Entrance Slope Way,Disabled Escalator,Disabled Toilet,Disabled Lodging Facility,Disabled Seat,Disabled Ticket Office,Service for the visually-impaired,Service for the hearing-impaired,Information Service,Wheelchair Rental
1124,Lotteria,Eunpyeong-gu,"229 Eungam-ro, Eunpyeong-gu, Seoul",02-308-6681,,0,Y,Y,Y,N,N,N,N,N,N,N,N,N
1126,Daechang Townville,Guro-gu,"70 Gaebong-ro 23ga-gil, Guro-gu, Seoul",,,0,Y,Y,Y,N,N,N,N,N,N,N,N,N
1321,Zen Hyder Way-Southeast Asian Food,Gangnam-gu,"24, Eonju-ro 168-gil, Gangnam-gu, Seoul",,,0,Y,Y,N,N,N,N,N,N,N,N,N,N
1318,Neighborhood Living Facility (Raw Meat Specialty Store Chwieodang),Nowon-gu,"447 Nowon-ro, Nowon-gu, Seoul",,,0,Y,Y,Y,N,N,N,N,N,N,N,N,N
1349,Crew,Seongdong-gu,"12, Gosan-ro 26-gil, Seongdong-gu, Seoul",02-2295-5500,,0,Y,Y,Y,N,N,N,N,N,N,N,N,N
1385,Coffee Bean Apgujeong Branch (Smart Exchange Building),Gangnam-gu,"13, Dosan-daero 49-gil, Gangnam-gu, Seoul",02-543-5922,http://www.coffeebeankorea.com/,0,Y,N,N,N,N,N,N,N,N,N,N,N
1396,Paris Krachamp,Yongsan-gu,"78, Dokseodang-ro, Yongsan-gu, Seoul",,,0,Y,Y,N,N,N,N,N,N,N,N,N,N
1138,Best House Kalguksu,Dobong-gu,"268 Deokneung-ro, Dobong-gu, Seoul",02-995-5333,http://food.dobong.go.kr/product/view1.asp?m_seq=51&pg=6&m_code=&c_code1=&c_code2=&SearchText=,0,Y,N,N,N,N,N,N,N,N,N,N,N
1147,Yangjichon,Jungnang-gu,"184 Mangwoo-ro, Jungnang-gu, Seoul",,,0,Y,Y,Y,N,N,N,N,N,N,N,N,N
1100,Jang L Cafe Restaurant,Jongno-gu,"15-11 Daehak-ro 10-gil, Jongno-gu, Seoul",,,0,Y,N,Y,N,N,N,N,N,N,N,N,N
1108,King Sejong Charcoal Fire Ribs,Dongjak-gu,"136, Yeouidaebang-ro, Dongjak-gu, Seoul",02-823-2517,,0,Y,Y,N,N,N,N,N,N,N,N,N,N
1319,Shanghai Champon Building,Seodaemun-gu,"76-5, Myeongmul-gil, Seodaemun-gu, Seoul",,,1,Y,Y,N,N,N,N,N,N,N,N,N,N
1333,Orange Factory-Clothing Sales,Seodaemun-gu,"141 Jeungjeung-ro, Seodaemun-gu, Seoul",02-302-2411,http://www.orangefactory.com/,0,Y,Y,N,N,N,N,N,N,N,N,N,N
1326,Donchon Pork Belly,Jungnang-gu,"21, Sagajeong-ro 51-gil, Jungnang-gu, Seoul",,,0,N,Y,N,N,N,N,N,N,N,N,N,N
1166,Sangdo Ribs,Dongjak-gu,"13 Maebong-ro, Dongjak-gu, Seoul",02-816-4085,http://www.kalbitown.co.kr/,0,Y,Y,Y,N,N,N,N,N,N,N,N,N
1174,Family world,Yeongdeungpo-gu,"330, Gamasan-ro, Yeongdeungpo-gu, Seoul",02-847-4500,,0,Y,N,N,N,N,N,N,N,N,N,N,N
1086,Songgane (general restaurant),Mapo-gu,"247, Donggyo-ro, Mapo-gu, Seoul",02-3141-6557,,0,Y,Y,Y,N,N,N,N,N,N,N,N,N
1334,Cafe Friends,Seocho-gu,"30, Banpo-daero 16-gil, Seocho-gu, Seoul",02-586-4000,,0,Y,Y,Y,N,N,N,N,N,N,N,N,N
1338,Number One-Hope&amp; Izakaya,Seodaemun-gu,"8-3, Yeonsero 5-ga-gil, Seodaemun-gu, Seoul",02-3142-7220,,0,Y,Y,N,N,N,N,N,N,N,N,N,N
1073,Daewonjeong,Seocho-gu,"6, Dongsan-ro, Seocho-gu, Seoul",,,0,Y,Y,N,N,N,N,N,N,N,N,N,N
1329,Bongsan House,Gangnam-gu,"564, Samseong-ro, Gangnam-gu, Seoul",02-552-5898,,0,Y,Y,Y,N,N,N,N,N,N,N,N,N
1337,Gayaok,Dobong-gu,"2, Dodang-ro, Dobong-gu, Seoul",02-900-2219,,1,Y,Y,Y,N,N,N,N,N,N,N,N,N
1310,Hanuso,Dobong-gu,"327, Nohae-ro, Dobong-gu, Seoul",02-900-9900,http://www.hanuso.com/,0,Y,Y,Y,Y,N,N,N,N,N,N,N,N
1243,Lex Motors-Auto Dealer,Gangnam-gu,"426 Dosan-daero, Gangnam-gu, Seoul",02-516-4323,,0,Y,Y,Y,Y,N,N,N,N,N,N,N,N
1150,Heerae-deung,Dongjak-gu,"123, Deungyong-ro, Dongjak-gu, Seoul",,,1,Y,Y,Y,N,N,N,N,N,N,N,N,N
1345,Neighborhood Living Facility (Daegenara),Nowon-gu,"122, Sanggye-ro, Nowon-gu, Seoul",02-932-9981,www.대게나라맛집.kr/,0,Y,Y,Y,N,N,N,N,N,N,N,N,N
1106,Fisherman,Nowon-gu,"238 Nowon-ro, Nowon-gu, Seoul",02-951-7888,http://blog.kbmyshop.com/어부박씨,0,Y,N,N,N,N,N,N,N,N,N,N,N
1149,Outback Steak House Sindaebang,Dongjak-gu,"122 Yeouidaebang-ro, Dongjak-gu, Seoul",02-821-0671,http://www.outback.co.kr/,0,Y,Y,N,N,N,N,N,N,N,N,N,N
1116,Dooul Building,Gangdong-gu,"22, Gangdong-daero 53-gil, Gangdong-gu, Seoul",,,0,N,Y,Y,N,N,N,N,N,N,N,N,N
1129,"Seamus Co., Ltd.",Gangnam-gu,"56, Hakdong-ro 2-gil, Gangnam-gu, Seoul",02-546-7602,,5,Y,Y,Y,N,N,N,N,N,N,N,N,N
1087,Suwon King Ribs,Seongdong-gu,"317 Majang-ro, Seongdong-gu, Seoul",02-2299-8592,,0,Y,Y,Y,N,N,N,N,N,N,N,N,N
1156,Perjumang King Ribs Restaurant,Jongno-gu,"18, Samil-daero 15-gil, Jongno-gu, Seoul",02-732-8555,,0,Y,Y,Y,N,N,N,N,N,N,N,N,N
1159,Okto Building&lt;General Restaurant&gt;-Dami Restaurant,Dobong-gu,"214, Banghak-ro, Dobong-gu, Seoul",,,0,Y,Y,Y,N,N,N,N,N,N,N,N,N
1180,Sonmun Daegu Makchang Gull Meat,Gangnam-gu,"49, Samseong-ro 64-gil, Gangnam-gu, Seoul",,,0,Y,Y,Y,N,N,N,N,N,N,N,N,N
1187,Thunder,Dobong-gu,"135, Sirubong-ro, Dobong-gu, Seoul",02-3491-3377,http://food.dobong.go.kr/product/view1.asp?m_seq=18&pg=1&m_code=&c_code1=&c_code2=&SearchText=,0,Y,Y,N,N,N,N,N,N,N,N,N,N
1265,Japanese Food Mijin (General Restaurant),Mapo-gu,"37, World Cupbuk-ro 2-gil, Mapo-gu, Seoul",02-324-4848,http://www.미진일식.kr/,0,Y,Y,Y,N,N,N,N,N,N,N,N,N
1043,Courtyard,Nowon-gu,"7, Gongneung-ro 51-gil, Nowon-gu, Seoul",,,0,Y,Y,N,N,N,N,N,N,N,N,N,N
1294,Grilled with oxidation,Gangseo-gu,"374 Gangseo-ro, Gangseo-gu, Seoul",,,0,Y,N,Y,N,N,N,N,N,N,N,N,N
1202,Gorilla in the Kitchen (Yeonwoo Building),Gangnam-gu,"18, Dosan-daero 45-gil, Gangnam-gu, Seoul",02-3442-1688,http://www.gorillakitchen.co.kr/,1,Y,Y,Y,N,N,N,N,N,N,N,N,N
1233,The meet,Nowon-gu,"103 Seokgye-ro, Nowon-gu, Seoul",02-971-1100,,1,Y,Y,Y,N,N,N,N,N,N,N,N,N
1245,Outback Steak House Sambong,Jungnang-gu,"293 Mangwoo-ro, Jungnang-gu, Seoul",02-434-8491,http://www.outback.co.kr/,0,N,Y,N,N,N,N,N,N,N,N,N,N
1179,Daehakro Batangol,Jongno-gu,"5 Daehak-ro 10-gil, Jongno-gu, Seoul",,,0,Y,Y,Y,N,N,N,N,N,N,N,N,N
1181,Loess palace,Gangnam-gu,"47, Teheran-ro 83-gil, Gangnam-gu, Seoul",1577-9070,http://www.hwangtogung.com/,0,Y,Y,Y,N,N,N,N,N,N,N,N,N
1236,Jeongdongjin Association Summer,Nowon-gu,"61, Hangulbiseok-ro 1-gil, Nowon-gu, Seoul",02-976-4983,,0,Y,Y,N,N,N,N,N,N,N,N,N,N
994,Potato Bow,Gangnam-gu,"855, Eonju-ro, Gangnam-gu, Seoul",02-517-1161,,0,Y,N,Y,N,N,N,N,N,N,N,N,N
1206,Kodari cold noodles,Songpa-gu,"31, Munjeong-ro, Songpa-gu, Seoul",,,0,Y,Y,Y,N,N,N,Y,N,N,N,N,N
1220,Outback Steak House Bongcheon,Gwanak-gu,"1840, Nambusunhwan-ro, Gwanak-gu, Seoul",02-884-4761,http://www.outback.co.kr/,0,Y,Y,Y,N,N,N,N,N,N,N,N,N
1311,Cheongsong Myeonok,Gwanak-gu,"16, Boramae-ro 3-gil, Gwanak-gu, Seoul",02-873-3329,,0,Y,N,N,N,N,N,N,N,N,N,N,N
1263,Dinosaur meat,Geumcheon-gu,"185 Siheung-daero, Geumcheon-gu, Seoul",,,0,Y,Y,Y,N,N,N,N,N,N,N,N,N
1268,Osam Baejigae (Upscale Society Building),Gangnam-gu,"14, Nonhyeon-ro 131-gil, Gangnam-gu, Seoul",,,0,Y,Y,Y,N,N,N,N,N,N,N,N,N
1273,AB Entertainment-Entertainment Agency,Gangnam-gu,"16, Dosan-daero 90-gil, Gangnam-gu, Seoul",02-547-5420,,1,Y,Y,Y,N,N,N,N,N,N,N,N,N
1199,Triland,Seocho-gu,"58, Seocho-daero 77-gil, Seocho-gu, Seoul",,,0,Y,Y,Y,N,N,N,N,N,N,N,N,N
997,Coastal headquarter,Songpa-gu,"14 Saemal-ro, Songpa-gu, Seoul",,,0,Y,Y,N,N,N,N,N,N,N,N,N,N
1061,Korea McDonald's Songjeong Station,Gangseo-gu,"21, Gonghang-daero, Gangseo-gu, Seoul",02-2665-6747,http://www.mcdonalds.co.kr/,0,Y,Y,Y,N,N,N,N,N,N,N,N,N
1001,Power Diary (Power City),Gangseo-gu,"323, Gangseo-ro, Gangseo-gu, Seoul",02-2667-0603,http://blog.naver.com/farmsdiary/,0,N,N,Y,N,N,N,N,N,N,N,N,N
1007,Suwon Ribs,Nowon-gu,"1612 Dongil-ro, Nowon-gu, Seoul",,,0,Y,N,Y,N,N,N,N,N,N,N,N,N
1017,Garden Soft Tofu,Jung-gu,"24, Mugyo-ro, Jung-gu, Seoul",02-755-7139,,0,Y,N,Y,N,N,N,N,N,N,N,N,N
1184,Ajikoubo,Gangnam-gu,"49, Seolleung-ro 162-gil, Gangnam-gu, Seoul",02-512-3991,http://blog.smartmyshop.com/아지코우보,0,Y,Y,Y,N,N,N,N,N,N,N,N,N
1192,Bitterness,Gwanak-gu,"1852, Nambusunhwan-ro, Gwanak-gu, Seoul",02-887-9191,,0,Y,Y,Y,N,N,N,N,N,N,N,N,N
1348,Seoul House,Seocho-gu,"46, Banpo-daero, Seocho-gu, Seoul",02-525-2727,,0,Y,Y,N,N,N,N,N,N,N,N,N,N
1211,Bolt82,Yongsan-gu,"3, Daesakwan-ro 12-gil, Yongsan-gu, Seoul",,,0,Y,Y,N,N,N,N,N,N,N,N,N,N
1228,Dinosaur meat,Dobong-gu,"542 Madero, Dobong-gu, Seoul",02-998-7792,,0,Y,Y,N,N,N,N,N,N,N,N,N,N
1036,Magic Castle (General Restaurant),Mapo-gu,"94-13 Eoulmadang-ro, Mapo-gu, Seoul",,,0,Y,Y,Y,N,N,N,N,N,N,N,N,N
1025,Teppanyaki Seafood Sonjajang,Eunpyeong-gu,"205-7 Eunpyeong-ro, Eunpyeong-gu, Seoul",,,0,Y,Y,Y,N,N,N,N,N,N,N,N,N
1035,Outback Steak House Sinchon Branch,Seodaemun-gu,"33, Yeonse-ro 12-gil, Seodaemun-gu, Seoul",02-3147-1871,http://www.outback.co.kr/,0,Y,N,N,N,N,N,N,N,N,N,N,N
1168,Ji Tae-ha,Gangnam-gu,"14 Eonju-ro 148-gil, Gangnam-gu, Seoul",,,0,Y,Y,Y,N,N,N,N,N,N,N,N,N
1272,Bond money,Gangnam-gu,"29-9 Teheran-ro 1-gil, Gangnam-gu, Seoul",02-556-5567,http://www.citydreamvill.com,0,Y,Y,N,N,N,N,N,N,N,N,N,N
1274,Hongcheon Korean Beef,Seocho-gu,"47, Hyoryeong-ro 55-gil, Seocho-gu, Seoul",,,0,N,Y,N,N,N,N,N,N,N,N,N,N
1256,One Chow,Gangnam-gu,"8 Eonju-ro 173-gil, Gangnam-gu, Seoul",02-545-0765,www.kangsanfood.com,0,Y,N,Y,N,N,N,N,N,N,N,N,N
1259,Hyocheon Gongyeong-Music Appreciation Room,Jongno-gu,"87, Sungkyunkwan-ro, Jongno-gu, Seoul",02-3676-2352,http://withhc.co.kr/,0,Y,Y,Y,N,N,N,N,N,N,N,N,N
1000,Dongwon F&amp;B,Eunpyeong-gu,"165 Yeonseo-ro, Eunpyeong-gu, Seoul",02-383-0417,,0,Y,Y,Y,N,N,N,N,N,N,N,N,N
1019,Bricollage Cafe,Eunpyeong-gu,"87, Jinheung-ro, Eunpyeong-gu, Seoul",02-702-2688,,0,Y,Y,Y,N,N,N,N,N,N,N,N,N
1098,Gyeongbokgung Palace (Bulgogi Brothers),Gangseo-gu,"280 Gonghang-daero, Gangseo-gu, Seoul",02-3665-7931,http://www.bulgogibros.com/,0,Y,Y,Y,N,N,N,N,N,N,N,N,N
981,Jungwoo City,Gangnam-gu,"29, Teheran-ro 4-gil, Gangnam-gu, Seoul",,,0,Y,Y,Y,N,N,N,N,N,N,N,N,N
1117,Geumgang Fisheries,Gwangjin-gu,"230, Achasan-ro, Gwangjin-gu, Seoul",02-461-4300,,0,Y,N,N,N,N,N,N,N,N,N,N,N
1395,Cafe Demselveju,Jongno-gu,"388, Samil-daero, Jongno-gu, Seoul",02-2266-5947,http://www.caffethemselves.com/,0,Y,Y,N,N,N,N,N,N,N,N,N,N
1297,Neighborhood living facilities (pass floor Korean set meal),Nowon-gu,"56, Suraksan-ro, Nowon-gu, Seoul",,,0,Y,N,Y,N,N,N,N,N,N,N,N,N
1010,Tous Les Jours &lt;Bakery&gt;,Dobong-gu,"6, Dobong-ro 180-gil, Dobong-gu, Seoul",02-3494-0435,http://www.tlj.co.kr/,1,Y,Y,Y,N,N,N,N,N,N,N,N,N
1194,Andong Steamed Chicken,Jung-gu,"25, Myeongdong 4-gil, Jung-gu, Seoul",,,0,Y,N,N,N,N,N,N,N,N,N,N,N
1042,Pizza Story,Dobong-gu,"21, Dobong-ro 114-gil, Dobong-gu, Seoul",,,0,Y,Y,N,N,N,N,N,N,N,N,N,N
1037,Wine Bacottedor (Ferry Building),Gangnam-gu,"27-15, Gangnam-daero 94-gil, Gangnam-gu, Seoul",,,0,Y,N,Y,N,N,N,N,N,N,N,N,N
1123,Lee Chunbok Tuna,Nowon-gu,"10-7, Nohae-ro 85-gil, Nowon-gu, Seoul",02-951-4558,,1,Y,N,Y,N,N,N,N,N,N,N,N,N
1144,Table 2425,Gangnam-gu,"16, Dosan-daero 59-gil, Gangnam-gu, Seoul",,,0,Y,N,N,N,N,N,N,N,N,N,N,N
1148,"Irioar Co., Ltd.",Gangnam-gu,"12 Eonju-ro 153-gil, Gangnam-gu, Seoul",,,1,Y,Y,N,N,N,N,N,N,N,N,N,N
1009,VIPS Munjeong Branch,Songpa-gu,"31 Saemal-ro 5-gil, Songpa-gu, Seoul",02-443-2997,http://www.ivips.co.kr/,0,Y,Y,Y,N,N,N,N,N,N,N,N,N
1013,Gold restoration,Gangnam-gu,"338 Samseong-ro, Gangnam-gu, Seoul",02-508-1900,,0,Y,Y,Y,N,N,N,N,N,N,N,N,N
1155,Maru Ribs,Gangdong-gu,"1642 Yangjae-daero, Gangdong-gu, Seoul",,,1,N,Y,N,N,N,N,N,N,N,N,N,N
1083,enjoy taste &amp; service,Seocho-gu,"195 Seochojungang-ro, Seocho-gu, Seoul",,,0,Y,Y,Y,N,N,N,N,N,N,N,N,N
1364,General Restaurant (Sapporo),Mapo-gu,"14, World Cupbuk-ro, Mapo-gu, Seoul",02-3144-4671,http://www.entasspr.com,0,Y,Y,Y,N,N,N,N,N,N,N,N,N
1366,Daebak Meat House (Dungmaru-ori Hanmadang),Gangseo-gu,"9, Gonghang-daero 36-gil, Gangseo-gu, Seoul",,,0,N,N,Y,N,N,N,N,N,N,N,N,N
1099,Crew,Gangnam-gu,"8, Gangnam-daero 114-gil, Gangnam-gu, Seoul",,,1,Y,N,Y,N,N,N,N,N,N,N,N,N
1070,Seafood Fusion Izakaya,Gwangjin-gu,"29, Achasan-ro 31-gil, Gwangjin-gu, Seoul",,,0,Y,Y,Y,N,N,N,N,N,N,N,N,N
1313,Cosmo,Geumcheon-gu,"14, Siheung-daero 123-gil, Geumcheon-gu, Seoul",,,0,N,Y,N,N,N,N,N,N,N,N,N,N
1324,Kodari cold noodles,Songpa-gu,"31, Munjeong-ro, Songpa-gu, Seoul",02-407-7177,,0,Y,Y,Y,N,N,N,N,N,N,N,N,N
1353,Asadal Sashimi Restaurant,Dongdaemun-gu,"301 Cheonho-daero, Dongdaemun-gu, Seoul",,,0,Y,N,Y,N,N,N,N,N,N,N,N,N
1250,Starbucks Sinchon Branch,Seodaemun-gu,"10-1, Yonsei-ro, Seodaemun-gu, Seoul",02-758-8035,http://www.istarbucks.co.kr/,0,Y,Y,Y,N,N,N,N,N,N,N,N,N
1176,Tower difference,Seocho-gu,"7 Beopwon-ro 1-gil, Seocho-gu, Seoul",02-599-3507,,0,Y,Y,N,N,N,N,Y,N,N,N,N,N
1047,ZINO,Seodaemun-gu,"45 Yeondaedongmun-gil, Seodaemun-gu, Seoul",,,3,Y,Y,N,N,N,N,N,N,N,N,N,N
1049,Sodamseolnongtang,Guro-gu,"385, Gyeongin-ro, Guro-gu, Seoul",,,0,Y,N,N,N,N,N,N,N,N,N,N,N
1050,Sujeonggung (rest specializing in rib soup),Gangnam-gu,"20 Dogok-ro 63-gil, Gangnam-gu, Seoul",,,0,Y,Y,Y,N,N,N,N,N,N,N,N,N
1059,Seokcheon (Neighborhood Living Facility),Mapo-gu,"134 Eoulmadang-ro, Mapo-gu, Seoul",,,0,N,Y,Y,N,N,N,N,N,N,N,N,N
1130,Neighborhood Living Facility,Nowon-gu,"1595, Dongil-ro, Nowon-gu, Seoul",02-933-9897,,0,Y,N,Y,N,N,N,N,N,N,N,N,N
1137,Cheongnyangni Beef Shabu Shabu,Seongbuk-gu,"15, Bomun-ro 34-gil, Seongbuk-gu, Seoul",,,0,Y,Y,Y,N,N,N,N,N,N,N,N,N
1031,Old Goltoseong,Seongdong-gu,"8, Gosan-ro 10-gil, Seongdong-gu, Seoul",02-2282-5292,http://www.tobaq.co.kr/,0,Y,Y,N,N,N,N,N,N,N,N,N,N
1034,Hurley's Coffee Yeonhui Branch,Seodaemun-gu,"32, Yeonhuimat-ro, Seodaemun-gu, Seoul",02-336-6630,http://www.hollys.co.kr/,0,Y,N,N,N,N,N,N,N,N,N,N,N
1003,Neighborhood Living Facility (Good Meat),Nowon-gu,"232, Suraksan-ro, Nowon-gu, Seoul",02-933-9291,http://www.chakangogi.co.kr/,0,Y,N,Y,N,N,N,N,N,N,N,N,N
1291,Sticky Meat (Grand Prix Building),Gangnam-gu,"9, Teheran-ro 10-gil, Gangnam-gu, Seoul",02-561-5171,,0,Y,Y,Y,N,N,N,N,N,N,N,N,N
991,Ribs love,Seocho-gu,"204 Gangnam-daero, Seocho-gu, Seoul",02-3463-9800,,0,Y,N,Y,N,N,N,N,N,N,N,N,N
1200,Unusual Sashimi Restaurant,Seocho-gu,"26, Mabang-ro 2-gil, Seocho-gu, Seoul",02-571-3050,,0,Y,Y,N,N,N,N,N,N,N,N,N,N
1301,Pork Cutlet Club,Dobong-gu,"68, Sirubong-ro, Dobong-gu, Seoul",02-900-0045,http://blog.kbmyshop.com/돈까스클럽쌍문점,1,Y,N,N,N,N,N,N,N,N,N,N,N
1119,Acilla,Gangnam-gu,"16, Gangnam-daero 98-gil, Gangnam-gu, Seoul",,,0,Y,N,N,N,N,N,N,N,N,N,N,N
1020,Yeonil Seonji Haejangguk,Seodaemun-gu,"127, Susaek-ro, Seodaemun-gu, Seoul",,,0,Y,N,Y,N,N,N,N,N,N,N,N,N
1024,Shintoori,Songpa-gu,"14-38 Munjeong-ro 4-gil, Songpa-gu, Seoul",02-430-5295,http://024305295.kt.io/,0,Y,Y,N,N,N,N,N,N,N,N,N,N
1284,Tongildongsan Tofu Village,Gangseo-gu,"375 Banghwa-daero, Gangseo-gu, Seoul",02-2664-3358,,0,Y,Y,N,N,N,N,N,N,N,N,N,N
1298,Suragan,Gangseo-gu,"364, Yangcheon-ro, Gangseo-gu, Seoul",02-3663-3500,,0,Y,N,Y,N,N,N,N,N,N,N,N,N
1314,Gwangyang Forest,Yeongdeungpo-gu,"16, Seonyu-ro 9ga-gil, Yeongdeungpo-gu, Seoul",02-2677-5775,http://kwangyangrim.com/skin15/index.php,0,Y,Y,Y,N,N,N,N,N,N,N,N,N
1239,Daemun Korean Meal,Dobong-gu,"139-6, Sirubong-ro, Dobong-gu, Seoul",02-956-0843,http://food.dobong.go.kr/product/view1.asp?m_seq=78&pg=11&m_code=&c_code1=&c_code2=&SearchText=,0,Y,Y,N,N,N,N,N,N,N,N,N,N
1248,Turtle house,Seodaemun-gu,"12-1 Yeonhui-ro, Seodaemun-gu, Seoul",02-322-8018,http://geobukihome.kr/,0,Y,Y,Y,N,N,N,N,N,N,N,N,N
1158,Byeoldang Barley Rice,Gangbuk-gu,"51, 4.19-ro, Gangbuk-gu, Seoul",,,1,Y,Y,N,N,N,N,N,N,N,N,N,N
1264,gs25-convenience store,Seocho-gu,"62-4, Seocho-daero 50-gil, Seocho-gu, Seoul",02-597-9890,http://gs25.gsretail.com/,0,Y,Y,N,N,N,N,N,N,N,N,N,N
990,Meat Goomteo,Gangseo-gu,"376, Yangcheon-ro, Gangseo-gu, Seoul",02-3663-8592,,0,Y,N,Y,N,N,N,N,N,N,N,N,N
1012,Nolbu Sulfur Duck Grilled Mud Cheongdam Branch (Cheongdam Sol Building),Gangnam-gu,"10, Samseong-ro 148-gil, Gangnam-gu, Seoul",,,0,Y,Y,Y,N,N,N,N,N,N,N,N,N
1201,Heaven,Gangnam-gu,"29, Bongeunsa-ro 82-gil, Gangnam-gu, Seoul",,,0,Y,Y,N,N,N,N,N,N,N,N,N,N
1022,Venusta-Buffet,Seongbuk-gu,"1 Dobong-ro, Seongbuk-gu, Seoul",,,0,Y,Y,Y,N,N,N,N,N,N,N,N,N
1341,Miller Time (234 stories above ground 1 below)-Hope,Yangcheon-gu,"356, Sinwol-ro, Yangcheon-gu, Seoul",02-2654-6018,,0,Y,N,N,N,N,N,N,N,N,N,N,N
1352,VIPS Sangbong Station Branch,Jungnang-gu,"263 Mangwoo-ro, Jungnang-gu, Seoul",02-491-1997,http://www.ivips.co.kr/,0,N,Y,Y,N,N,N,N,N,N,N,N,N
1354,A naruto on the clear beach,Gangseo-gu,"73, Gangseo-ro 54-gil, Gangseo-gu, Seoul",02-3663-0067,,0,Y,Y,N,N,N,N,N,N,N,N,N,N
1075,Beata Building New Building,Seocho-gu,"8, Seocho-daero 53-gil, Seocho-gu, Seoul",02-535-9292,http://www.wabar.co.kr/,0,Y,Y,N,N,N,N,N,N,N,N,N,N
1076,Son of a farmer,Seocho-gu,"8, Seochojungang-ro 33-gil, Seocho-gu, Seoul",,,0,Y,Y,N,N,N,N,N,N,N,N,N,N
1358,Harimgak,Jongno-gu,"255, Jahamun-ro, Jongno-gu, Seoul",02-396-2442,,0,N,Y,Y,N,N,N,N,N,N,N,N,N
1078,Breadkyung's Toyaji,Gangnam-gu,"40, Teheran-ro 39-gil, Gangnam-gu, Seoul",,,0,Y,Y,Y,N,N,N,N,N,N,N,N,N
1183,Blast bomb,Gangnam-gu,"12, Nonhyeon-ro 86-gil, Gangnam-gu, Seoul",02-2051-7775,http://www.hiobaltan.com,0,Y,N,Y,N,N,N,N,N,N,N,N,N
1111,Grilled firewood outside Dong-gu (Dangun's Land),Gangdong-gu,"227 Jinhwang-ro, Gangdong-gu, Seoul",02-488-5292,,3,Y,Y,N,N,N,N,N,N,N,N,N,N
1122,Country diary,Jungnang-gu,"438 Mangwoo-ro, Jungnang-gu, Seoul",,,0,Y,Y,Y,N,N,N,N,N,N,N,N,N
1394,Coffee Bean Korea Samsung Branch (Woochang Building),Gangnam-gu,"646, Samseong-ro, Gangnam-gu, Seoul",,,0,Y,Y,Y,N,N,N,N,N,N,N,N,N
1229,Neighborhood Living Facility (Jinhalmae Kalguksu Bossam),Nowon-gu,"109 Dongil-ro 242-gil, Nowon-gu, Seoul",02-951-1507,,0,Y,Y,Y,N,N,N,N,N,N,N,N,N
1235,Haeju Gomtang,Nowon-gu,"360, Gongneung-ro, Nowon-gu, Seoul",02-975-2289,,0,Y,Y,Y,N,N,N,N,N,N,N,N,N
1343,Korean Pizza Hut Deungchon Branch (Shotpor),Gangseo-gu,"347 Gonghang-daero, Gangseo-gu, Seoul",02-2658-6777,http://www.entasspr.com/,0,Y,N,Y,N,N,N,N,N,N,N,N,N
1205,Nongoljip,Gangnam-gu,"55, Apgujeong-ro 79-gil, Gangnam-gu, Seoul",02-543-0135,http://www.nongolhouse.com/,0,Y,Y,N,N,N,N,N,N,N,N,N,N
1207,"Lee Ha-jeong Soy Sauce Crab, Seoul Main Branch",Songpa-gu,"4 Wiryeseong-daero 18-gil, Songpa-gu, Seoul",,,0,Y,Y,Y,N,N,N,Y,N,N,N,N,N
1346,Rib nest,Nowon-gu,"692, Deokneung-ro, Nowon-gu, Seoul",02-935-9000,http://blog.naver.com/kangsm321/150171669589,0,Y,Y,Y,N,N,N,N,N,N,N,N,N
1160,Haedong Fisheries Square,Gwangjin-gu,"619, Gwangnaru-ro, Gwangjin-gu, Seoul",,,0,Y,N,Y,N,N,N,N,N,N,N,N,N
1371,Grilled Ijo Hwa-ro,Gangseo-gu,"738, Yangcheon-ro, Gangseo-gu, Seoul",02-2659-8073,,0,Y,Y,Y,N,N,N,N,N,N,N,N,N
1230,Neighborhood Living Facility (Pungcheon Freshwater Eel),Nowon-gu,"12-26, Nohae-ro 81-gil, Nowon-gu, Seoul",02-935-5523,,0,Y,Y,Y,N,N,N,N,N,N,N,N,N
1269,Shalomville,Gangnam-gu,"35, Gangnam-daero 154-gil, Gangnam-gu, Seoul",,,0,Y,Y,Y,N,N,N,N,N,N,N,N,N
1299,full moon,Gangnam-gu,"22, Teheran-ro 37-gil, Gangnam-gu, Seoul",02-556-6777,,0,Y,N,Y,N,N,N,N,N,N,N,N,N
1377,Korean Pizza Hut Hanti Station,Gangnam-gu,"407 Dogok-ro, Gangnam-gu, Seoul",02-554-4864,http://www.pizzahut.co.kr/,0,Y,N,Y,N,N,N,N,N,N,N,N,N
1380,Muscous (Dohwa Tower),Gangnam-gu,"438, Samseong-ro, Gangnam-gu, Seoul",02-558-9280,http://www.muscus.co.kr/,0,Y,Y,Y,N,N,N,N,N,N,N,N,N
1135,Shin Donghee,Songpa-gu,"174 Seokchonhosu-ro, Songpa-gu, Seoul",,,0,Y,Y,Y,N,N,N,N,N,N,N,N,N
1189,Manseokjang,Eunpyeong-gu,"43-10, Daeseomun-gil, Eunpyeong-gu, Seoul",02-385-2093,,0,Y,Y,Y,N,N,N,N,N,N,N,N,N
1257,Grano The Grill (Hidden House),Gangnam-gu,"16, Eonju-ro 168-gil, Gangnam-gu, Seoul",02-540-7330,,1,Y,Y,Y,N,N,N,N,N,N,N,N,N
1261,Daega Sundae Guk,Nowon-gu,"452 Hangulbiseok-ro, Nowon-gu, Seoul",02-939-8592,,0,Y,Y,N,N,N,N,N,N,N,N,N,N
1367,Yeoksam Willow Tree House,Gangnam-gu,"522 Eonju-ro, Gangnam-gu, Seoul",02-2088-3392,,0,Y,Y,Y,N,N,N,N,N,N,N,N,N
1275,Truth,Seocho-gu,"18, Banpo-daero 14-gil, Seocho-gu, Seoul",,,0,Y,Y,Y,N,N,N,N,N,N,N,N,N
1092,Mr. Pizza,Dobong-gu,"285 Nohae-ro, Dobong-gu, Seoul",02-900-2032,http://www.mrpizza.co.kr/,0,N,Y,Y,N,N,N,N,N,N,N,N,N
998,Seafood Daelim Branch,Yeongdeungpo-gu,"70 Daerim-ro, Yeongdeungpo-gu, Seoul",,,0,Y,Y,Y,N,N,N,N,N,N,N,N,N
1005,Natural bowl,Nowon-gu,"1602, Dongil-ro, Nowon-gu, Seoul",02-936-1300,,0,Y,Y,Y,N,N,N,N,N,N,N,N,N
1132,Seogang 8 Gyeongsang 2nd Geunsaeng (General Restaurant),Mapo-gu,"128, Tojeong-ro, Mapo-gu, Seoul",02-334-1919,http://www.서강8경.kr/,0,Y,Y,Y,N,N,N,N,N,N,N,N,N
1068,Blast bomb,Songpa-gu,"246 Wiryeseong-daero, Songpa-gu, Seoul",,,0,N,Y,N,N,N,N,N,N,N,N,N,N
1121,VIPS Bongcheon Station,Gwanak-gu,"1712, Nambusunhwan-ro, Gwanak-gu, Seoul",02-882-0254,http://www.ivips.co.kr/,0,Y,Y,Y,N,N,N,N,N,N,N,N,N
1085,Neighborhood Living Facility (Panda),Nowon-gu,"39, Dongil-ro 246-gil, Nowon-gu, Seoul",02-930-6188,,1,Y,Y,N,N,N,N,N,N,N,N,N,N
1030,Wangcho Korean Beef Building,Yongsan-gu,"39, Daesakwan-ro 34-gil, Yongsan-gu, Seoul",,,0,Y,Y,N,N,N,N,N,N,N,N,N,N
1293,Pizza Hut,Nowon-gu,"1333, Dongil-ro, Nowon-gu, Seoul",02-935-5143,http://www.pizzahut.co.kr/,0,Y,N,Y,N,N,N,N,N,N,N,N,N
1133,GASTRO PUB-Bar,Seocho-gu,"78, Donggwang-ro, Seocho-gu, Seoul",,,0,N,Y,Y,N,N,N,N,N,N,N,N,N
1142,Beautiful talk,Yangcheon-gu,"133-4, Mokdongseo-ro, Yangcheon-gu, Seoul",02-2642-2300,http://www.menupan.com/restaurant/onepage.asp?acode=H119254,0,Y,N,Y,Y,N,N,N,N,N,N,N,N
1029,Sihwadam,Yongsan-gu,"75 Hoenamu-ro, Yongsan-gu, Seoul",02-798-3311,http://www.siwhadam.com/,0,Y,Y,N,N,N,N,N,N,N,N,N,N
1336,Taeneung Garden,Jungnang-gu,"13, Sinnae-ro 14-gil, Jungnang-gu, Seoul",02-3422-2800,,1,Y,Y,Y,N,N,N,N,N,N,N,N,N
1328,Gyeongin Building (Raw Meat),Gwanak-gu,"385, Bongcheon-ro, Gwanak-gu, Seoul",02-877-3382,http://www.ungteori.com/,0,Y,Y,N,N,N,N,N,N,N,N,N,N
1209,Jeongseon Chamcharokgol,Yongsan-gu,"8-18, Ichon-ro 29-gil, Yongsan-gu, Seoul",02-797-5592,http://www.jscham.com/,2,Y,N,N,N,N,N,N,N,N,N,N,N
1305,Namjang Lee,Jongno-gu,"11 Saemunan-ro 3-gil, Jongno-gu, Seoul",02-723-2822,,0,N,N,N,N,N,N,N,N,N,N,N,N
1306,Black money,Seocho-gu,"133 Seoun-ro, Seocho-gu, Seoul",02-3471-9700,,0,N,N,Y,N,N,N,N,N,N,N,N,N
1110,Original Hyeonpung Grandmother's House Gomtang,Gangnam-gu,"6, Eonju-ro 87-gil, Gangnam-gu, Seoul",02-521-7722,http://cafe.daum.net/hyonpoong/KTn7/1?docid=1OOXE|KTn7|1|20110901033532&q=%BF%AA%BB%EF%20%C7%F6%C7%B3,0,Y,Y,N,N,N,N,N,N,N,N,N,N
1381,Paris Croissant,Jung-gu,"7, Deoksugung-gil, Jung-gu, Seoul",02-773-8208,http://www.pariscroissant.co.kr/,0,Y,N,N,N,N,N,N,N,N,N,N,N
1391,Yangdaebak,Songpa-gu,"44, Baekjegobun-ro 46-gil, Songpa-gu, Seoul",02-415-3321,,0,N,Y,N,N,N,N,N,N,N,N,N,N
1060,coffeesmith(restaurant),Mapo-gu,"82, Wausan-ro, Mapo-gu, Seoul",02-3143-6740,,0,Y,Y,N,N,N,N,N,N,N,N,N,N
1247,Neighborhood living facility (byeokchang beef specialty store),Nowon-gu,"54, Dongil-ro 242-gil, Nowon-gu, Seoul",,,0,Y,Y,Y,N,N,N,N,N,N,N,N,N
1051,Char-grilled in a brazier in Yangchon-ri,Gangnam-gu,"2720, Nambusunhwan-ro, Gangnam-gu, Seoul",02-2058-1245,,0,Y,Y,Y,N,N,N,N,N,N,N,N,N
1062,Mirak (Shinseong Building),Gangseo-gu,"519, Gonghang-daero, Gangseo-gu, Seoul",02-3662-3535,,0,N,Y,N,N,N,N,N,N,N,N,N,N
1266,Sunheunggol Pork Ribs Restaurant,Gangseo-gu,"608 Yangcheon-ro, Gangseo-gu, Seoul",02-3663-3779,,0,Y,Y,N,N,N,N,N,N,N,N,N,N
1271,quarterback,Gangnam-gu,"29, Teheran-ro 1-gil, Gangnam-gu, Seoul",02-567-7879,http://www.menupan.com/Restaurant/onepage.asp?acode=R106682,0,Y,N,Y,N,N,N,N,N,N,N,N,N
1203,Shadeli (Hansu Building),Gangnam-gu,"62, Eonju-ro 172-gil, Gangnam-gu, Seoul",02-514-0040,http://www.schadheli.com/,0,Y,Y,Y,N,N,N,N,N,N,N,N,N
1114,Hanil-gwan,Gangnam-gu,"14, Apgujeong-ro 38-gil, Gangnam-gu, Seoul",1577-9963,http://www.hanilkwan.co.kr/,0,Y,Y,Y,N,N,N,N,N,N,N,N,N
992,Grilled Hwasaang Brazier,Songpa-gu,"162 Ogeum-ro, Songpa-gu, Seoul",02-421-4554,http://www.365food.com/hsr5,0,Y,Y,Y,N,N,N,N,N,N,N,N,N
982,Meadow Wedding Hall Buffet,Dobong-gu,"10, Dobongsan-gil, Dobong-gu, Seoul",02-955-2233,,6,Y,N,Y,N,N,N,N,N,N,N,N,N
1153,Ganggangsullae,Gangnam-gu,"325 Nonhyeon-ro, Gangnam-gu, Seoul",02-567-9233,http://www.sullai.com/,0,Y,N,N,N,N,N,Y,N,N,N,N,N
1258,Wangdoll Grill House,Songpa-gu,"-12 Ogeum-ro 15-gil, Songpa-gu, Seoul",,,0,Y,Y,Y,N,N,N,N,N,N,N,N,N
1260,Neighborhood Living Facility (Hwa Tong Grill),Nowon-gu,"754, Deokneung-ro, Nowon-gu, Seoul",,,0,Y,Y,N,N,N,N,N,N,N,N,N,N
1186,Old Golto Seongsangbong Branch,Jungnang-gu,"494, Myeonmok-ro, Jungnang-gu, Seoul",02-433-4276,http://www.tobaq.co.kr/,0,Y,Y,Y,N,N,N,N,N,N,N,N,N
1027,Maison Le Beige-Cafe,Yongsan-gu,"267, Itaewon-ro, Yongsan-gu, Seoul",02-749-5667,,0,Y,Y,N,N,N,N,N,N,N,N,N,N
1152,It Place,Seocho-gu,"102, Sapyeong-daero 6-gil, Seocho-gu, Seoul",02-534-3321,,0,N,Y,N,N,N,N,Y,N,N,N,N,N
983,Grilled charcoal and brazier,Gangseo-gu,"57, Deungchon-ro, Gangseo-gu, Seoul",,,0,Y,Y,Y,N,N,N,N,N,N,N,N,N
1193,Albihorst,Jung-gu,"31, Myeongdong 4-gil, Jung-gu, Seoul",,,0,Y,N,Y,N,N,N,N,N,N,N,N,N
1392,Jangpung (Seongwon Building),Gangnam-gu,"816, Seolleung-ro, Gangnam-gu, Seoul",02-3446-8889,http://www.jangphoong.com/,0,Y,Y,N,N,N,N,N,N,N,N,N,N
1196,Itaewon-dong neighborhood living facility (restaurant),Yongsan-gu,"192, Itaewon-ro, Yongsan-gu, Seoul",,,0,Y,Y,Y,N,N,N,N,N,N,N,N,N
1191,VIPS Daebang Branch,Dongjak-gu,"2, Noryangjin-ro, Dongjak-gu, Seoul",02-3280-1997,http://www.ivips.co.kr/,0,Y,Y,Y,N,N,N,N,N,N,N,N,N
1212,Tender,Yongsan-gu,"4, Huam-ro, Yongsan-gu, Seoul",02-754-4389,,0,Y,Y,Y,N,N,N,N,N,N,N,N,N
1292,Taepyeong (Korean restaurant),Gangnam-gu,"14, Teheran-ro 6-gil, Gangnam-gu, Seoul",02-564-5551,,2,Y,Y,N,N,N,N,N,N,N,N,N,N
1302,Samho Garden,Yangcheon-gu,"210, Sinwol-ro, Yangcheon-gu, Seoul",070-7398-2939,,0,N,N,N,N,N,N,N,N,N,N,N,N
988,Herarosa Coffee (JS Building),Gangnam-gu,"427, Dosan-daero, Gangnam-gu, Seoul",,,0,Y,Y,N,N,N,N,N,N,N,N,N,N
993,Misong Shabu Shabu,Nowon-gu,"412 Nowon-ro, Nowon-gu, Seoul",02-939-8833,http://blog.naver.com/mi_song01,0,Y,Y,Y,N,N,N,N,N,N,N,N,N
999,Neighborhood Living Facility (Golden Duck Farm),Nowon-gu,"17, Dongil-ro 231-gil, Nowon-gu, Seoul",02-935-5296,,0,Y,N,Y,N,N,N,N,N,N,N,N,N
1288,Gold restoration,Gangnam-gu,"821 Eonju-ro, Gangnam-gu, Seoul",(02) 3448-5488,http://www.금수복국.com,0,Y,Y,Y,N,N,N,N,N,N,N,N,N
1290,Cafe Muimui,Gangnam-gu,"19, Dosan-daero 51-gil, Gangnam-gu, Seoul",,,0,Y,Y,Y,N,N,N,N,N,N,N,N,N
1125,Excellent Shinto Duck,Gangseo-gu,"326 Gonghang-daero, Gangseo-gu, Seoul",,,0,Y,Y,N,N,N,N,N,N,N,N,N,N
1146,The Cats,Gangseo-gu,"90, Gonghang-daero 46-gil, Gangseo-gu, Seoul",02-2698-7898,,0,Y,N,Y,N,N,N,N,N,N,N,N,N
1065,Expert Seagull (Gwangmyeong Building),Gangnam-gu,"13, Gangnam-daero 114-gil, Gangnam-gu, Seoul",,,0,Y,Y,Y,N,N,N,N,N,N,N,N,N
1226,WA BAR,Gangdong-gu,"18 Yangjae-daero 111-gil, Gangdong-gu, Seoul",02-470-8579,http://www.wabar.co.kr/,0,N,Y,N,N,N,N,N,N,N,N,N,N
1231,Neighborhood living facility (bad calf),Nowon-gu,"26, Sanggye-ro 5-gil, Nowon-gu, Seoul",,,0,Y,Y,N,N,N,N,N,N,N,N,N,N
1296,Unification of the Cheonghae Fisheries Society,Jungnang-gu,"490, Myeonmok-ro, Jungnang-gu, Seoul",,,0,Y,Y,N,N,N,N,N,N,N,N,N,N
1304,Black Dadon,Seocho-gu,"10, Gangnam-daero 65-gil, Seocho-gu, Seoul",02-3482-2090,http://blog.naver.com/halladonma,0,N,N,N,N,N,N,N,N,N,N,N,N
1307,One to three,Gangnam-gu,"9, Gangnam-daero 94-gil, Gangnam-gu, Seoul",,,0,Y,N,Y,N,N,N,N,N,N,N,N,N
1312,Bongpi Yangmapo Branch (Today's Andong Korean Beef),Mapo-gu,"308, Tojeong-ro, Mapo-gu, Seoul",02-715-2292,http://blog.naver.com/bjgalbi,0,Y,Y,Y,N,N,N,N,N,N,N,N,N
1390,Shade-Cafe,Dongdaemun-gu,"32-9, Ceilingsan-ro 7-gil, Dongdaemun-gu, Seoul",,,0,Y,N,N,N,N,N,N,N,N,N,N,N
1361,Black money,Gangnam-gu,"14, Bongeunsa-ro 86-gil, Gangnam-gu, Seoul",02-2051-0008,,0,Y,Y,Y,N,N,N,N,N,N,N,N,N
1373,Neighborhood Living Facility (Baebat Village),Nowon-gu,"1611 Dongil-ro, Nowon-gu, Seoul",02-938-9500,,0,Y,Y,N,N,N,N,N,N,N,N,N,N
1170,Cave and grilled furnace (New reputation),Eunpyeong-gu,"185 Eunpyeong-ro, Eunpyeong-gu, Seoul",02-353-8592,http://blog.kbmyshop.com/동굴화로구이,1,Y,Y,Y,N,N,N,N,N,N,N,N,N
1350,Im stubborn Korean beef,Gangnam-gu,"11, Teheran-ro 104-gil, Gangnam-gu, Seoul",02-567-5620,http://www.임고집한우.kr/,0,Y,N,N,N,N,N,N,N,N,N,N,N
1357,Heejeon Shabu Shabu,Gwanak-gu,"6, Nambusunhwan-ro 180-gil, Gwanak-gu, Seoul",02-889-2988,http://www.hjshabu.co.kr/,0,Y,Y,Y,N,N,N,N,N,N,N,N,N
1094,"Beans are planted, but connago",Seocho-gu,"14, Nambusunhwan-ro 354-gil, Seocho-gu, Seoul",,,0,Y,Y,N,N,N,N,N,N,N,N,N,N
1023,Brazier Bull Jongno Ribs (J Building),Gangnam-gu,"28-6 Teheran-ro 1-gil, Gangnam-gu, Seoul",,,0,Y,Y,N,N,N,N,N,N,N,N,N,N
1242,Ilkilocal Noodles,Seocho-gu,"59, Gangnam-daero 37-gil, Seocho-gu, Seoul",02-586-1052,,0,Y,Y,N,N,N,N,N,N,N,N,N,N
1253,Dongwon Building (Neighborhood Living Facility),Mapo-gu,"147-1 Eoulmadang-ro, Mapo-gu, Seoul",,,0,Y,Y,Y,N,N,N,N,N,N,N,N,N
1280,Invincible,Songpa-gu,"25, Songpa-daero 34-gil, Songpa-gu, Seoul",02-402-9208,,0,Y,Y,Y,N,N,N,N,N,N,N,N,N
1281,Home,Nowon-gu,"10-4, Nohae-ro 83-gil, Nowon-gu, Seoul",02-931-9291,http://www.bornga.co.kr/,0,Y,Y,Y,N,N,N,N,N,N,N,N,N
1285,Grilled Manga,Gangseo-gu,"9, Yangcheon-ro 18-gil, Gangseo-gu, Seoul",02-2662-8592,,0,Y,Y,Y,N,N,N,N,N,N,N,N,N
1303,Town Plaza,Seocho-gu,"9-6, Sinbanpo-ro 47-gil, Seocho-gu, Seoul",,,0,Y,Y,N,N,N,N,N,N,N,N,N,N
1053,Proposal Vegetable Fruit &lt;Simple Marketplace&gt;,Dobong-gu,"25, Nohae-ro 63da-gil, Dobong-gu, Seoul",,,0,Y,Y,Y,N,N,N,N,N,N,N,N,N
1282,Excellent Shinto Duck,Dobong-gu,"546 Madero, Dobong-gu, Seoul",02-900-8889,http://food.dobong.go.kr/product/view1.asp?m_seq=46&pg=6&m_code=&c_code1=&c_code2=&SearchText=,0,Y,Y,Y,N,N,N,N,N,N,N,N,N
1134,"Hotel Prima Pungryuwan Co., Ltd.",Gangnam-gu,"10, Dosan-daero 102-gil, Gangnam-gu, Seoul",02-6006-9201,http://www.prima.co.kr/,0,Y,Y,Y,N,N,N,N,N,N,N,N,N
1139,Pyongyang Chogyetang,Eunpyeong-gu,"13-11, Daeseomun-gil, Eunpyeong-gu, Seoul",02-388-2977,,0,Y,Y,Y,N,N,N,N,N,N,N,N,N
1317,OK Ranch,Songpa-gu,"547, Baekjegobun-ro, Songpa-gu, Seoul",,,0,Y,Y,N,N,N,N,N,N,N,N,N,N
1234,Taereung Charcoal Fire Ribs,Nowon-gu,"37, Hangulbiseok-ro 1-gil, Nowon-gu, Seoul",,,0,Y,Y,N,N,N,N,N,N,N,N,N,N
1255,Sohn Soo-heon (Korean restaurant),Gangnam-gu,"11, Seolleung-ro 145-gil, Gangnam-gu, Seoul",02-3442-2567,http://www.sonsooheon.co.kr/,0,Y,Y,Y,N,N,N,N,N,N,N,N,N
1088,Nolbubudae Stew &amp; Teppanyaki,Dobong-gu,"15-9, Nohae-ro 69-gil, Dobong-gu, Seoul",02-991-5788,http://www.nolboo.co.kr/,0,Y,Y,Y,N,N,N,N,N,N,N,N,N
1112,Bulgogi Brothers Seogyo Branch,Mapo-gu,"107, Yanghwa-ro, Mapo-gu, Seoul",02-335-7241,www.bulgogibros.com,0,N,Y,Y,N,N,N,N,N,N,N,N,N
1154,Buddha's Cut (SG Daihill Building),Gangnam-gu,"18, Apgujeong-ro 60-gil, Gangnam-gu, Seoul",02-543-7159,http://www.dinehill.co.kr/new/src/Butcherscut_about.asp,0,Y,N,Y,N,N,N,N,N,N,N,N,N
1267,Pyongyang Myeonok,Seocho-gu,"28, Gangnam-daero 93-gil, Seocho-gu, Seoul",(02) 547-6947,http://www.menupan.com/restaurant/onepage.asp?acode=H119179,0,Y,Y,Y,N,N,N,N,N,N,N,N,N
1101,Neighborhood Living Facility (Friends' Charcoal Fire Chicken Ribs),Nowon-gu,"123, Dongil-ro 242-gil, Nowon-gu, Seoul",,,0,Y,N,N,N,N,N,N,N,N,N,N,N
1107,Crispy Cream Donuts,Seodaemun-gu,"6, Myeongmul-gil, Seodaemun-gu, Seoul",02-362-1470,http://www.krispykreme.co.kr/,0,Y,N,Y,N,N,N,N,N,N,N,N,N
1232,Neighborhood Living Facility,Nowon-gu,"39, Sanggye-ro 7-gil, Nowon-gu, Seoul",02-938-3376,http://www.ungteori.com/,0,Y,Y,N,N,N,N,N,N,N,N,N,N
1026,Golden Nugget,Yongsan-gu,"3, Itaewon-ro 55ga-gil, Yongsan-gu, Seoul",,,0,Y,Y,Y,N,N,N,N,N,N,N,N,N
1286,NC Ladies-Department Store,Yeongdeungpo-gu,"47, Yangpyeong-ro, Yeongdeungpo-gu, Seoul",02-2068-2001,http://www.ncshopping.com/Store/StoreInfo.aspx?pStoreNo=7201&pEventNo=0,0,Y,Y,Y,N,N,N,N,N,N,N,N,N
1289,Shinsa Myeonok,Gangnam-gu,"311 Dosan-daero, Gangnam-gu, Seoul",02-518-7228,http://www.shinsamyeonok.co.kr/,0,Y,Y,Y,N,N,N,N,N,N,N,N,N
1277,Brazier,Seocho-gu,"267, Gangnam-daero, Seocho-gu, Seoul",,,0,Y,Y,Y,N,N,N,N,N,N,N,N,N
1335,Folk Village (Yonggang Building),Gangnam-gu,"535, Dosan-daero, Gangnam-gu, Seoul",,,0,Y,N,Y,N,N,N,N,N,N,N,N,N
1127,Saemaeul Restaurant (Deokdang Building),Gangnam-gu,"33, Nonhyeon-ro 150-gil, Gangnam-gu, Seoul",02-515-2251,,0,Y,N,N,N,N,N,N,N,N,N,N,N
1143,Juren,Gangseo-gu,"89, Gonghang-daero 46-gil, Gangseo-gu, Seoul",,,0,Y,Y,N,N,N,N,N,N,N,N,N,N
1224,Our Home Yeoksam Building,Gangnam-gu,"115, Yeoksam-ro, Gangnam-gu, Seoul",,,0,Y,Y,N,N,N,N,N,N,N,N,N,N
1344,Outback Steak House Jamsil Branch,Songpa-gu,"466, Songpa-daero, Songpa-gu, Seoul",02-418-4071,http://www.outback.co.kr/,0,Y,Y,N,N,N,N,N,N,N,N,N,N
1210,Geobres Building,Yongsan-gu,"22, Daesakwan-ro 34-gil, Yongsan-gu, Seoul",,,0,Y,N,Y,N,N,N,N,N,N,N,N,N
1213,Liquidation distribution,Jungnang-gu,"937, Dongil-ro, Jungnang-gu, Seoul",02-948-3281,,0,Y,Y,N,N,N,N,N,N,N,N,N,N
1227,Alcove,Gangbuk-gu,"926 Hancheon-ro, Gangbuk-gu, Seoul",02-993-8200,,0,Y,Y,N,N,N,N,N,N,N,N,N,N
1323,Hoya,Gangnam-gu,"22, Gangnam-daero 78-gil, Gangnam-gu, Seoul",,,0,Y,Y,Y,N,N,N,N,N,N,N,N,N
1332,Saemaeul Restaurant,Nowon-gu,"12-20 Nohae-ro 81-gil, Nowon-gu, Seoul",02-930-0120,,0,Y,Y,Y,N,N,N,N,N,N,N,N,N
1342,Chef KNR (Songeun Art Space),Gangnam-gu,"6, Apgujeong-ro 75-gil, Gangnam-gu, Seoul",,,0,Y,Y,Y,N,N,N,N,N,N,N,N,N
1355,Onnurim,Nowon-gu,"293, Deokneung-ro 60-gil, Nowon-gu, Seoul",02-906-7002,,0,N,N,Y,N,N,N,N,N,N,N,N,N
1102,Love Affair,Gangnam-gu,"32 Eonju-ro 150-gil, Gangnam-gu, Seoul",,,0,Y,N,Y,N,N,N,N,N,N,N,N,N
1372,Park Mi-seon Special Ribs,Gwanak-gu,"535, Bongcheon-ro, Gwanak-gu, Seoul",,,0,Y,Y,Y,N,N,N,N,N,N,N,N,N
1082,A place to eat delicious meat,Dongjak-gu,"62 Sangdoro 37-gil, Dongjak-gu, Seoul",,,0,Y,Y,N,N,N,N,N,N,N,N,N,N
1089,Seokwang Polymer,Yeongdeungpo-gu,"5, Gukhoe-daero 37-gil, Yeongdeungpo-gu, Seoul",,,0,N,Y,Y,N,N,N,N,N,N,N,N,N
1096,CULISSU GAIA,Gangnam-gu,"15, Dosan-daero 53-gil, Gangnam-gu, Seoul",,,1,Y,Y,N,N,N,N,N,N,N,N,N,N
1223,Sanbong cold noodles,Gangnam-gu,"13, Seolleung-ro 62-gil, Gangnam-gu, Seoul",02-557-2778,,0,Y,Y,N,N,N,N,N,N,N,N,N,N
1136,Yangchon-ri,Gangdong-gu,"1444 Yangjae-daero, Gangdong-gu, Seoul",02-485-9292,,0,Y,Y,Y,N,N,N,N,N,N,N,N,N
1044,Hoeryeong Ssambap,Nowon-gu,"33, Hangulbiseok-ro 1-gil, Nowon-gu, Seoul",02-977-7567,,0,Y,Y,Y,N,N,N,N,N,N,N,N,N
1046,Tuna doctor,Nowon-gu,"12-33, Nohae-ro 81-gil, Nowon-gu, Seoul",02-933-9611,,0,Y,Y,N,N,N,N,N,N,N,N,N,N
1004,Yangchon-ri,Eunpyeong-gu,"141 Eunpyeong-ro, Eunpyeong-gu, Seoul",02-3157-8592,,0,Y,Y,Y,N,N,N,N,N,N,N,N,N
1251,Multi House Livingtel-Gosiwon,Seodaemun-gu,"16, Myeongmul 1-gil, Seodaemun-gu, Seoul",,,0,Y,Y,N,N,N,N,N,N,N,N,N,N
1254,Pt & V-Job Introduction,Yeongdeungpo-gu,"220, Singil-ro, Yeongdeungpo-gu, Seoul",,,0,Y,Y,N,N,N,N,N,N,N,N,N,N
1006,VIPS Cheongdam Branch,Gangnam-gu,"519, Hakdong-ro, Gangnam-gu, Seoul",02-3442-2997,http://www.ivips.co.kr/,0,Y,Y,Y,N,N,N,N,N,N,N,N,N
1058,Pascucci Sinchon Yeondae Branch,Seodaemun-gu,"22, Yonsei-ro, Seodaemun-gu, Seoul",02-393-8004,http://www.caffe-pascucci.co.kr/,0,Y,Y,Y,N,N,N,N,N,N,N,N,N
1379,Gallery time,Jongno-gu,"109 Samcheong-ro, Jongno-gu, Seoul",,,0,Y,N,Y,N,N,N,N,N,N,N,N,N
1240,Old Goltoseong,Gangseo-gu,"353 Gonghang-daero, Gangseo-gu, Seoul",02-3662-5192,http://www.tobaq.co.kr,0,Y,Y,Y,N,N,N,N,N,N,N,N,N
989,Ganggangsullae,Nowon-gu,"1628 Dongil-ro, Nowon-gu, Seoul",02-935-9233,http://www.sullai.com/,0,Y,Y,Y,N,N,N,N,N,N,N,N,N
1378,Round-Cocktail Bar,Gangnam-gu,"13-16, Seolleung-ro 158-gil, Gangnam-gu, Seoul",02-517-7412,,0,Y,Y,N,N,N,N,N,N,N,N,N,N
1386,Lotteria,Gangdong-gu,"1651 Yangjae-daero, Gangdong-gu, Seoul",02-427-8463,http://www.lotteria.com/,0,Y,Y,N,N,N,N,N,N,N,N,N,N
1362,"Edogin Co., Ltd.",Gangnam-gu,"30, Teheran-ro 8-gil, Gangnam-gu, Seoul",02-568-5147,,2,Y,Y,Y,N,N,N,N,N,N,N,N,N
1375,Korean beef restaurant Marvels,Yeongdeungpo-gu,"10 Sinpung-ro, Yeongdeungpo-gu, Seoul",02-848-5292,,10,Y,N,Y,N,N,N,N,N,N,N,N,N
1167,Mubong-ri native sundae soup,Dobong-gu,"2, Nohae-ro 67-gil, Dobong-gu, Seoul",,,0,Y,N,Y,N,N,N,N,N,N,N,N,N
1221,Gyochon 1991,Seocho-gu,"8, Gangnam-daero 69-gil, Seocho-gu, Seoul",,,0,Y,Y,N,N,N,N,N,N,N,N,N,N
1090,Peaks,Gangnam-gu,"25-3, Nonhyeon-ro 94-gil, Gangnam-gu, Seoul",,,0,Y,Y,Y,N,N,N,N,N,N,N,N,N
1388,Shabu Palace Shabuga,Jung-gu,"12 Namdaemun-ro 9-gil, Jung-gu, Seoul",02-757-4582,,0,Y,N,N,N,N,N,N,N,N,N,N,N
1393,Coffee Smith,Gangnam-gu,"13, Dosan-daero 13-gil, Gangnam-gu, Seoul",02-3445-3372,,0,Y,N,N,N,N,N,N,N,N,N,N,N
1322,Saigon Spoon 32-Southeast Asian Food,Gangnam-gu,"32-8 Eonju-ro 93-gil, Gangnam-gu, Seoul",02-568-0032,http://www.saigonspoon.com/,0,Y,Y,Y,N,N,N,N,N,N,N,N,N
1091,Warawara (Hyejin Building),Gangnam-gu,"20, Gangnam-daero 96-gil, Gangnam-gu, Seoul",,,0,Y,Y,N,N,N,N,N,N,N,N,N,N
1165,Amazing B/D,Gangnam-gu,"306 Dosan-daero, Gangnam-gu, Seoul",,,1,Y,Y,N,N,N,N,N,N,N,N,N,N
1182,Marion Crepe Lozy,Gangnam-gu,"41-20, Gangnam-daero 162-gil, Gangnam-gu, Seoul",,,0,Y,Y,Y,N,N,N,N,N,N,N,N,N
1109,Whimori,Gangnam-gu,"7, Dogok-ro 93-gil, Gangnam-gu, Seoul",02-564-5959,,0,Y,N,Y,N,N,N,N,N,N,N,N,N
1368,Yeongcheon Movie Meat House (Sangmin Building),Gangnam-gu,"3, Dosan-daero 90-gil, Gangnam-gu, Seoul",02-3442-0381,http://www.yc-younghwa.com/,0,Y,Y,Y,N,N,N,N,N,N,N,N,N
1093,Marketplace Sundae-guk,Seodaemun-gu,"113 Hongeunjungang-ro, Seodaemun-gu, Seoul",02-394-0057,,0,Y,Y,Y,N,N,N,N,N,N,N,N,N
1095,Benigans,Gangnam-gu,"334, Dosan-daero, Gangnam-gu, Seoul",02-517-5007,http://www.bennigans.co.kr/,0,Y,Y,N,N,N,N,N,N,N,N,N,N
1382,Korea Economic Daily Building,Jung-gu,"14, Cheonggyecheon-ro, Jung-gu, Seoul",,,0,Y,Y,Y,N,N,N,N,N,N,N,N,N
1141,Paris Baguette,Seodaemun-gu,"29, Hongeunjungang-ro, Seodaemun-gu, Seoul",070-4116-4796,http://www.paris.co.kr/,0,Y,Y,Y,N,N,N,N,N,N,N,N,N
1008,Songlim Garden,Guro-gu,"398, Gyeongin-ro, Guro-gu, Seoul",02-2066-6000,,0,Y,Y,Y,N,N,N,N,N,N,N,N,N
1066,MUG FOR RABBIT-Cafe,Gangnam-gu,"65, Nonhyeon-ro 159-gil, Gangnam-gu, Seoul",,,1,Y,Y,Y,N,N,N,N,N,N,N,N,N
1080,Dobongsan Ribs,Dobong-gu,"915, Dobong-ro, Dobong-gu, Seoul",02-955-1177,http://food.dobong.go.kr/product/view1.asp?m_seq=47&pg=6&m_code=&c_code1=&c_code2=&SearchText=,0,Y,Y,Y,N,N,N,N,N,N,N,N,N
1208,A prestigious house,Seongdong-gu,"360, Majang-ro, Seongdong-gu, Seoul",02-2245-0335,,0,Y,Y,Y,N,N,N,Y,N,N,N,N,N
1320,Korean house,Jung-gu,"8, Cheonggyecheon-ro, Jung-gu, Seoul",02-2266-9101,http://www.koreahouse.or.kr/main/?load_popup=1,0,Y,Y,Y,Y,Y,N,Y,N,N,N,N,N
1365,Cheonsuman,Jungnang-gu,"628, Yongmasan-ro, Jungnang-gu, Seoul",02-439-9886,,0,Y,Y,Y,N,N,N,N,N,N,N,N,N
1359,Yangjugol Ori Village,Dobong-gu,"64, Dobong-ro 150da-gil, Dobong-gu, Seoul",,,0,Y,Y,Y,N,N,N,N,N,N,N,N,N
1316,Ribs,Dobong-gu,"259 Nohae-ro, Dobong-gu, Seoul",,,0,Y,N,Y,N,N,N,N,N,N,N,N,N
1115,Gom Cine (Sea Crab Building),Gangdong-gu,"17, Gangdong-daero, Gangdong-gu, Seoul",,,1,Y,N,N,N,N,N,N,N,N,N,N,N
1383,Holly's Coffee,Seodaemun-gu,"31-1, Geobukgol-ro, Seodaemun-gu, Seoul",02-373-7700,http://www.hollys.co.kr/,0,Y,Y,Y,N,N,N,N,N,N,N,N,N
1384,wellz-furniture sale,Gangnam-gu,"729, Samseong-ro, Gangnam-gu, Seoul",02-511-7911,www.wellz.co.kr/,0,Y,Y,Y,N,N,N,N,N,N,N,N,N
1241,Samsugabsan,Gwanak-gu,"38-9 Namhyeon 1-gil, Gwanak-gu, Seoul",02-521-0056,http://itvplus.co.kr/home4/sansugabsan/,0,Y,Y,Y,N,N,N,N,N,N,N,N,N
1246,Suspicious Hanpo Tea,Gangbuk-gu,"46, Dobong-ro 87-gil, Gangbuk-gu, Seoul",02-903-2332,http://www.susanghan.kr/,0,Y,Y,Y,N,N,N,N,N,N,N,N,N
996,Labumitel,Geumcheon-gu,"1203 Beoman-ro, Geumcheon-gu, Seoul",,,0,N,Y,Y,N,N,N,N,N,N,N,N,N
1190,Underbridge (general restaurant),Mapo-gu,"174 Tojeong-ro, Mapo-gu, Seoul",070-4146-0856,,0,Y,Y,Y,N,N,N,N,N,N,N,N,N
1217,Neighborhood Living Facility (Bongpyeong Sangol Buckwheat Village),Nowon-gu,"54, Dongil-ro 242-gil, Nowon-gu, Seoul",02-931-3482,,0,Y,Y,Y,N,N,N,N,N,N,N,N,N
1315,Korean Pizza Hut,Jongno-gu,"61, Jong-ro, Jongno-gu, Seoul",02-737-8065,http://www.pizzahut.co.kr/,0,Y,Y,N,N,N,N,N,N,N,N,N,N
1363,Seoul Ginseng Togye Village (General Restaurant),Mapo-gu,"89 Sandnae-ro, Mapo-gu, Seoul",02-304-5060,,0,Y,Y,Y,N,N,N,N,N,N,N,N,N
1021,Prophecy,Gangnam-gu,"7, Eonju-ro 107-gil, Gangnam-gu, Seoul",02-566-0043,,0,Y,N,N,N,N,N,N,N,N,N,N,N
1360,Dulle-gil tavern,Eunpyeong-gu,"43-7 Daeseomun-gil, Eunpyeong-gu, Seoul",02-358-0092,,0,Y,Y,Y,N,N,N,N,N,N,N,N,N
1339,Orange room on the 2nd floor (regular restaurant)-Hope&amp; Izakaya,Mapo-gu,"86, Eoulmadang-ro, Mapo-gu, Seoul",,,3,Y,Y,Y,N,N,N,N,N,N,N,N,N
1347,Naju Gomtang,Gwanak-gu,"9, Sillim-ro 64-gil, Gwanak-gu, Seoul",02-887-6666,http://www.유가네나주곰탕.kr,0,Y,Y,N,N,N,N,N,N,N,N,N,N
1351,Tusche Cafe & Restaurant (Misan Building),Gangnam-gu,"4, Apgujeong-ro 71-gil, Gangnam-gu, Seoul",02-3018-1002,,0,Y,Y,Y,N,N,N,N,N,N,N,N,N
1071,FR Food System,Gangseo-gu,"318 Gonghang-daero, Gangseo-gu, Seoul",,,1,N,Y,Y,N,N,N,N,N,N,N,N,N
1074,Seocho-dong Namjang,Seocho-gu,"4, Seocho-daero 49-gil, Seocho-gu, Seoul",02-592-0268,,0,Y,Y,N,N,N,N,N,N,N,N,N,N
1340,General Restaurant (Naju Gomtang),Mapo-gu,"12, Dohwa-gil, Mapo-gu, Seoul",,,0,Y,Y,Y,N,N,N,N,N,N,N,N,N
1028,Hwasumok Restaurant,Yongsan-gu,"268 Sowol-ro, Yongsan-gu, Seoul",02-792-5571,,0,Y,Y,N,N,N,N,N,N,N,N,N,N
1052,Cheongdam-an,Gangnam-gu,"13, Dosan-daero 81-gil, Gangnam-gu, Seoul",02-541-6381,,0,Y,Y,N,N,N,N,N,N,N,N,N,N
1054,General Restaurant (Eden),Nowon-gu,"9, Junggye-ro 18-gil, Nowon-gu, Seoul",,,0,Y,Y,Y,N,N,N,N,N,N,N,N,N
1056,Mr. Pizza,Seodaemun-gu,"10, Yonsei-ro, Seodaemun-gu, Seoul",02-363-9001,http://www.mrpizza.co.kr,0,Y,Y,Y,N,N,N,N,N,N,N,N,N
1064,Delicacy paragon,Yeongdeungpo-gu,"800, Gukhoe-daero, Yeongdeungpo-gu, Seoul",,,0,Y,Y,Y,N,N,N,N,N,N,N,N,N
1214,Ducking,Jungnang-gu,"10, Yongmasan-ro 129-gil, Jungnang-gu, Seoul",02-494-5292,,0,Y,Y,Y,N,N,N,N,N,N,N,N,N
1216,Brazier,Seongbuk-gu,"24-2, Bogukmun-ro, Seongbuk-gu, Seoul",02-921-8592,,0,Y,N,N,N,N,N,N,N,N,N,N,N
1218,Provence,Seodaemun-gu,"26 Yeondaedongmun-gil, Seodaemun-gu, Seoul",,,0,Y,Y,Y,N,N,N,N,N,N,N,N,N
1055,Summer Palace,Seodaemun-gu,"13, Yeonhuimat-ro, Seodaemun-gu, Seoul",02-334-1888,,0,Y,Y,N,N,N,N,N,N,N,N,N,N
1161,Shinuiju Sticky Sundae (Hotel Khan),Gangnam-gu,"725 Yeongdong-daero, Gangnam-gu, Seoul",,,0,Y,Y,Y,N,N,N,N,N,N,N,N,N
1330,Chuncheon Main Branch Chicken Ribs,Nowon-gu,"31, Sanggye-ro 5-gil, Nowon-gu, Seoul",02-939-7033,,0,Y,Y,N,N,N,N,N,N,N,N,N,N
1104,Gyeongbokgung Palace Sapporo,Dobong-gu,"610, Dobong-ro, Dobong-gu, Seoul",,,1,Y,Y,Y,N,N,N,N,N,N,N,N,N
1163,Badahoe Park Restaurant (Cheonglim Building) (Jessica Kitchen),Gangseo-gu,"345 Gonghang-daero, Gangseo-gu, Seoul",02-3664-1199,,0,Y,Y,Y,N,N,N,N,N,N,N,N,N
1171,TSID-Interior,Eunpyeong-gu,"43-14, Daeseomun-gil, Eunpyeong-gu, Seoul",,,0,Y,Y,Y,N,N,N,N,N,N,N,N,N
1172,Seaweed,Seodaemun-gu,"49, Myeongmul-gil, Seodaemun-gu, Seoul",02-392-6679,,0,Y,Y,N,N,N,N,N,N,N,N,N,N
1185,Twin carriage,Gwangjin-gu,"49, Dongil-ro 22-gil, Gwangjin-gu, Seoul",02-466-9545,,0,Y,Y,N,N,N,N,N,N,N,N,N,N
1219,VIPS Deungchon Branch,Gangseo-gu,"311 Gonghang-daero, Gangseo-gu, Seoul",02-3661-1997,http://www.ivips.co.kr/,0,Y,Y,Y,N,N,N,N,N,N,N,N,N
1225,Kona Coffee Shop,Songpa-gu,"34, Baekjegobun-ro 44-gil, Songpa-gu, Seoul",02-419-7676,http://www.konabeans.co.kr/,0,Y,Y,Y,N,N,N,N,N,N,N,N,N
1041,Mongolian Chan Korean Beef,Seongbuk-gu,"212-66, Dongsomun-ro, Seongbuk-gu, Seoul",,,0,Y,Y,Y,N,N,N,N,N,N,N,N,N
1151,Brazier,Gwanak-gu,"1453, Nambusunhwan-ro, Gwanak-gu, Seoul",02-866-8592,,0,Y,N,Y,N,N,N,N,N,N,N,N,N
1169,Badalby,Gwanak-gu,"17, Bongcheon-ro 12-gil, Gwanak-gu, Seoul",02-889-2600,www.badalbi.com/,0,Y,N,Y,N,N,N,N,N,N,N,N,N
1178,Blast bomb,Seocho-gu,"154 Banpo-daero, Seocho-gu, Seoul",02-591-6657,http://www.hiobaltan.com/,0,Y,Y,Y,N,N,N,N,N,N,N,N,N
1295,One Korean beef,Gangseo-gu,"65, Gangseo-ro 5-na-gil, Gangseo-gu, Seoul",,,0,N,N,N,N,N,N,N,N,N,N,N,N
1300,Sharle Shabu,Gangnam-gu,"53, Yeoksam-ro 17-gil, Gangnam-gu, Seoul",02-565-5600,,0,Y,Y,Y,N,N,N,N,N,N,N,N,N
1237,Yes,Seodaemun-gu,"535 Seongsan-ro, Seodaemun-gu, Seoul",02-313-7676,,0,Y,Y,N,N,N,N,N,N,N,N,N,N
1157,Doombung (now: Suuri)-Cooking & Izakaya,Gangbuk-gu,"12, Dobong-ro 10-ga-gil, Gangbuk-gu, Seoul",,,0,Y,Y,N,N,N,N,N,N,N,N,N,N
1162,The sea caught in the net,Jungnang-gu,"240, Bonghwasan-ro, Jungnang-gu, Seoul",02-435-9229,,1,Y,Y,Y,N,N,N,N,N,N,N,N,N
1173,Rib world,Guro-gu,"281, Gyeongin-ro, Guro-gu, Seoul",,,0,Y,N,Y,N,N,N,N,N,N,N,N,N
1175,Seogwipo Earthenware,Seocho-gu,"32, Banpo-daero 30-gil, Seocho-gu, Seoul",02-523-9897,http://blog.kbmyshop.com/서귀포오분작뚝배기,0,Y,Y,N,N,N,N,N,N,N,N,N,N
1270,Boboris-Beauty Salon,Gangnam-gu,"14 Eonju-ro 154-gil, Gangnam-gu, Seoul",02-549-0988,http://blog.naver.com/salove8436.do,0,Y,Y,N,N,N,N,N,N,N,N,N,N
1356,SK Herbgene,Gangdong-gu,"142 Cheonho-daero, Gangdong-gu, Seoul",,,0,Y,Y,N,N,N,N,N,N,N,N,N,N
1238,Royal Derby Land,Seodaemun-gu,"103, Eungam-ro, Seodaemun-gu, Seoul",,,0,Y,Y,Y,N,N,N,N,N,N,N,N,N
1287,Juno city-cafe,Seocho-gu,"94, Mabang-ro 2-gil, Seocho-gu, Seoul",02-2058-0650,,0,Y,Y,Y,N,N,N,N,N,N,N,N,N
1164,Silk road,Guro-gu,"398, Gyeongin-ro, Guro-gu, Seoul",02-2066-6100,http://www.silkload.net/,1,Y,Y,Y,N,N,N,N,N,N,N,N,N
1177,Myeongga Seolleongtang,Seocho-gu,"23, Seocho-daero, Seocho-gu, Seoul",02-3477-9595,,0,Y,Y,Y,N,N,N,Y,N,N,N,N,N
1188,Ilparco,Nowon-gu,"240 Nowon-ro, Nowon-gu, Seoul",02-949-1855,http://www.ilparco.co.kr/,0,Y,Y,Y,N,N,N,N,N,N,N,N,N
1032,Suspicious Hanpo Tea,Gwangjin-gu,"33, Achasan-ro 33-gil, Gwangjin-gu, Seoul",02-499-2588,http://www.susanghan.kr/,0,Y,Y,Y,N,N,N,N,N,N,N,N,N
1038,Badahoe Park,Dongdaemun-gu,"109, Janghan-ro, Dongdaemun-gu, Seoul",02-2213-5666,,0,Y,N,N,N,N,N,N,N,N,N,N,N
1045,Namwon Chueotang,Nowon-gu,"69, Hangulbiseok-ro 1-gil, Nowon-gu, Seoul",,,0,Y,Y,N,N,N,N,N,N,N,N,N,N
1249,Byeokje Ribs,Seodaemun-gu,"14, Yonsei-ro, Seodaemun-gu, Seoul",02-392-8308,,0,Y,Y,Y,N,N,N,N,N,N,N,N,N
1252,Korean Duck,Seodaemun-gu,"21, Segeomjeong-ro 1-gil, Seodaemun-gu, Seoul",02-394-3919,http://www.koreanduck.com/,0,N,Y,N,N,N,N,N,N,N,N,N,N
1369,Grilled active volcano clams,Gwangjin-gu,"49, Achasan-ro 33-gil, Gwangjin-gu, Seoul",02-497-8980,,0,Y,Y,N,N,N,N,N,N,N,N,N,N
1370,Brazier,Gangbuk-gu,"948, Hancheon-ro, Gangbuk-gu, Seoul",02-999-9946,,0,Y,N,Y,N,N,N,N,N,N,N,N,N
1204,Samgyeong Sea,Gangnam-gu,"14-7 Eonju-ro 93-gil, Gangnam-gu, Seoul",,,0,Y,Y,Y,N,N,N,N,N,N,N,N,N
1374,Grandmother,Gwanak-gu,"374, Sillim-ro, Gwanak-gu, Seoul",02-888-6940,http://www.migahalme.com/,0,Y,N,Y,Y,N,N,N,N,N,N,N,N
985,Starbucks (Bora Building),Gangnam-gu,"506, Hakdong-ro, Gangnam-gu, Seoul",02-758-8394,http://www.istarbucks.co.kr/,0,Y,Y,Y,N,N,N,N,N,N,N,N,N
1011,Sunbong Shopping Center (Bulgama Sauna),Gangseo-gu,"290 Gonghang-daero, Gangseo-gu, Seoul",,,0,Y,Y,Y,N,N,N,N,N,N,N,N,N
38,Coffee bean,Jung-gu,"9, Myeongdong 8-gil, Jung-gu, Seoul",02-319-3394,http://www.coffeebeankorea.com/,0,Y,Y,Y,N,N,N,N,N,N,N,N,N
1077,Big Daemun House,Seocho-gu,"77 Banpo-daero 28-gil, Seocho-gu, Seoul",,,0,Y,Y,Y,N,N,N,N,N,N,N,N,N
1081,Bobo-cafe,Seodaemun-gu,"573 Seongsan-ro, Seodaemun-gu, Seoul",,,0,Y,Y,Y,N,N,N,N,N,N,N,N,N
1222,Chodong House,Seocho-gu,"135, Seoun-ro, Seocho-gu, Seoul",02-585-2511,http://www.chodongjib.com/,0,Y,Y,Y,N,N,N,N,N,N,N,N,N
984,Mr. Pizza Yangjae Branch (Crystal Building),Gangnam-gu,"242, Gangnam-daero, Gangnam-gu, Seoul",02-3463-1100,http://www.mrpizza.co.kr/,0,Y,Y,Y,N,N,N,N,N,N,N,N,N
986,Jahamun set meal,Jongno-gu,"493-5 Jinheung-ro, Jongno-gu, Seoul",02-396-5000,http://www.jahamun.com/,0,N,Y,Y,N,N,N,N,N,N,N,N,N
987,Gaeseong Myeonok (Hamheung Cold Noodles),Gangseo-gu,"660 Yangcheon-ro, Gangseo-gu, Seoul",02-3664-3705,,0,Y,Y,N,N,N,N,N,N,N,N,N,N
1015,Amiso,Jung-gu,"18, Dongho-ro 14-gil, Jung-gu, Seoul",02-756-3327,http://itvplus.co.kr/home9/amiso/,0,Y,N,Y,N,N,N,N,N,N,N,N,N
1276,Lövenhof,Seocho-gu,"21, Bangbaecheon-ro, Seocho-gu, Seoul",02-585-6654,,1,Y,Y,Y,N,N,N,N,N,N,N,N,N
1097,Wangjajang,Dobong-gu,"16, Dobong-ro 109-gil, Dobong-gu, Seoul",,,1,Y,N,N,N,N,N,N,N,N,N,N,N
1105,Gangseo Fisheries,Gangseo-gu,"301 Gonghang-daero, Gangseo-gu, Seoul",02-3665-3534,,0,Y,Y,N,N,N,N,N,N,N,N,N,N
1325,Buddha scut,Yongsan-gu,"243, Itaewon-ro, Yongsan-gu, Seoul",02-798-8782,,0,Y,Y,Y,N,N,N,N,N,N,N,N,N
1103,Homyeondang (Joeun Building),Gangnam-gu,"25 Dosan-daero 81-gil, Gangnam-gu, Seoul",,,0,Y,N,Y,N,N,N,N,N,N,N,N,N
1140,Samho Bok House,Seodaemun-gu,"10, Yeonse-ro 5-da-gil, Seodaemun-gu, Seoul",02-337-9019,http://www.samhobokzip.kr/,0,Y,Y,Y,N,N,N,N,N,N,N,N,N
1120,Brother Ribs,Seodaemun-gu,"2, Myeongmul 1-gil, Seodaemun-gu, Seoul",02-365-0001,,0,Y,N,N,N,N,N,N,N,N,N,N,N
1278,Black Smith,Gangnam-gu,"115 Dosan-daero, Gangnam-gu, Seoul",02-3444-8211,http://www.blacksmith.co.kr/main.php,0,Y,Y,N,N,N,N,N,N,N,N,N,N
1283,Yeonshin Internal Daejigae,Eunpyeong-gu,"187 Yeonseo-ro, Eunpyeong-gu, Seoul",,,0,Y,Y,N,N,N,N,N,N,N,N,N,N
1063,Old Goltoseong,Eunpyeong-gu,"45-7 Daeseomun-gil, Eunpyeong-gu, Seoul",02-385-3064,http://www.tobaq.co.kr/,0,Y,Y,Y,N,N,N,N,N,N,N,N,N
1308,Korea House (Beautiful Building),Gangnam-gu,"56, Apgujeong-ro 79-gil, Gangnam-gu, Seoul",02-543-8888,http://www.koreahouse.co.kr,0,Y,Y,N,N,N,N,N,N,N,N,N,N
1244,Pizza Hut,Songpa-gu,"421 Songpa-daero, Songpa-gu, Seoul",,,0,Y,Y,Y,N,N,N,N,N,N,N,N,N
1039,Boseong Restaurant,Nowon-gu,"849 Deokneung-ro, Nowon-gu, Seoul",,,1,Y,Y,N,N,N,N,N,N,N,N,N,N
1040,Anchanggol Duck Farm Shinnae Branch,Jungnang-gu,"623, Yongmasan-ro, Jungnang-gu, Seoul",,,0,Y,Y,Y,N,N,N,N,N,N,N,N,N
995,Excellent Shinto Duck,Jungnang-gu,"231, Bonghwasan-ro, Jungnang-gu, Seoul",,,0,Y,Y,Y,N,N,N,N,N,N,N,N,N
1331,the great Wall,Nowon-gu,"23, Seokgye-ro 13-gil, Nowon-gu, Seoul",02-909-2998,,1,Y,Y,Y,N,N,N,N,N,N,N,N,N
1069,Shilla Bibimbap Shabu Kalguksu,Gangdong-gu,"16, Yangjae-daero 85-gil, Gangdong-gu, Seoul",02-483-6879,,0,Y,Y,N,N,N,N,N,N,N,N,N,N
1072,Imperial rice cake,Seocho-gu,"37, Seocho-daero 25-gil, Seocho-gu, Seoul",02-533-5580,,1,Y,Y,N,N,N,N,N,N,N,N,N,N
1002,Hanwoo Jeong Meat Restaurant (Pukyeong Building),Gangnam-gu,"12, Gangnam-daero 118-gil, Gangnam-gu, Seoul",,,0,Y,Y,Y,N,N,N,N,N,N,N,N,N
1198,Oliah,Yongsan-gu,"4, Hoenamu-ro 42-gil, Yongsan-gu, Seoul",02-792-6004,,0,Y,Y,N,N,N,N,N,N,N,N,N,N
1014,Happiness,Jung-gu,"10, Toegye-ro 36-gil, Jung-gu, Seoul",02-554-1049,,0,Y,N,Y,N,N,N,N,N,N,N,N,N
1016,Angel Liner Cafe,Jung-gu,"8, Myeongdong 7-gil, Jung-gu, Seoul",02-753-1769,http://www.angelinus.co.kr/,0,Y,N,Y,N,N,N,N,N,N,N,N,N
1018,"325-1 Jungnim-dong, Class 2 neighborhood living facility (Woojin James Exhibition)",Jung-gu,"30, Sejong-daero 11-gil, Jung-gu, Seoul",,,0,Y,N,Y,N,N,N,N,N,N,N,N,N
1118,Heungbugol Nimwon Chueotang (Revoville),Gangnam-gu,"14 Eonju-ro 113-gil, Gangnam-gu, Seoul",,,0,Y,N,Y,N,N,N,N,N,N,N,N,N
1128,Six seven eight,Gangnam-gu,"420, Nonhyeon-ro, Gangnam-gu, Seoul",02-556-6678,http://www.678.co.kr/,0,Y,Y,Y,N,N,N,N,N,N,N,N,N
1131,VIPS Changdong Branch,Dobong-gu,"526, Dobong-ro, Dobong-gu, Seoul",02-904-1997,http://www.ivips.co.kr/,0,Y,Y,Y,N,N,N,N,N,N,N,N,N
1145,CJ Food,Eunpyeong-gu,"4, Seooreung-ro, Eunpyeong-gu, Seoul",,,0,Y,Y,N,N,N,N,N,N,N,N,N,N
1389,Korea McDonald's,Seongdong-gu,"321, Wangsimni-ro, Seongdong-gu, Seoul",02-2296-4452,http://www.mcdonalds.co.kr/,0,Y,Y,Y,N,N,N,N,N,N,N,N,N
1262,"Myeongga Nakji Madang (B1, 1st floor)",Yangcheon-gu,"614-9, Mokdong-ro, Yangcheon-gu, Seoul",02-2647-2203,,0,Y,N,Y,N,N,N,N,N,N,N,N,N
1279,Bongchu Steamed Chicken (Shinsa Building),Gangnam-gu,"14-4 Dosan-daero 13-gil, Gangnam-gu, Seoul",02-516-5687,http://www.bongchu.com/,0,Y,Y,Y,N,N,N,N,N,N,N,N,N
1327,Kaesong Myeonok,Seongbuk-gu,"263, Jeongneung-ro, Seongbuk-gu, Seoul",,,0,Y,Y,N,N,N,N,N,N,N,N,N,N
1079,2nd Neighborhood Life (Suhan Clinic Real Estate),Gangseo-gu,"85, Grassland-ro, Gangseo-gu, Seoul",,,0,Y,Y,Y,N,N,N,N,N,N,N,N,N
1067,Seven Monkeys (Geumwon Building),Gangnam-gu,"425, Seolleung-ro, Gangnam-gu, Seoul",,,0,Y,Y,N,N,N,N,N,N,N,N,N,N
1084,Bonacera,Gangnam-gu,"18-2, Dosan-daero 45-gil, Gangnam-gu, Seoul",,,1,Y,Y,Y,N,N,N,N,N,N,N,N,N
1057,Dandelion territory,Seodaemun-gu,"40, Myeongmul-gil, Seodaemun-gu, Seoul",,,0,Y,Y,Y,N,N,N,N,N,N,N,N,N
1195,Premier Place,Jung-gu,"40, Jungrim-ro, Jung-gu, Seoul",,,0,Y,N,Y,N,N,N,N,N,N,N,N,N
1215,Hanmadang Main Store,Seongbuk-gu,"187 Hwarang-ro, Seongbuk-gu, Seoul",02-942-4205,,0,Y,Y,N,N,N,N,N,N,N,N,N,N
1309,Gyeongbokgung,Songpa-gu,"348, Olympic-ro, Songpa-gu, Seoul",02-418-7767,http://www.kyungbokkung.co.kr/,0,Y,Y,Y,N,N,N,N,N,N,N,N,N
1113,Kings (Bukhae),Gangseo-gu,"341 Gonghang-daero, Gangseo-gu, Seoul",,,0,Y,Y,N,N,N,N,N,N,N,N,N,N
1376,Traditional Bokuk (Cheongwoon Building),Gangnam-gu,"236, Dosan-daero, Gangnam-gu, Seoul",,,0,Y,Y,N,N,N,N,N,N,N,N,N,N
1387,Starbucks Coffee Story,Jongno-gu,"5 Daemyeong-gil, Jongno-gu, Seoul",,,0,Y,Y,Y,N,N,N,N,N,N,N,N,N